RMSE,MAE,ACC,R2,Explained_Var,Model,Hidden_Dim,Epochs,Seq_Len,Pre_Len
2.1440019607543945,1.5327554941177368,0.7431638240814209,0.6288965940475464,0.6289540529251099,GRU,64,2500,12,1
