RMSE,MAE,Accuracy,R2,Explained Variance
2.1181131433997002,1.5262932901955009,0.7394348605371424,0.41034697738703974,0.4111269450421863
