RMSE,MAE,ACC,R2,Explained_Var,Model,Hidden_Dim,Epochs,Seq_Len,Pre_Len
2.762903928756714,2.1117734909057617,0.6690233945846558,0.3839675784111023,0.38415539264678955,GCN,64,2500,12,1
