RMSE,MAE,ACC,R2,Explained_Var,Model,Hidden_Dim,Epochs,Seq_Len,Pre_Len
2.074887752532959,1.4788718223571777,0.7514431476593018,0.6524165868759155,0.6524383425712585,SceneGCN,64,2500,12,1
