RMSE,MAE,ACC,R2,Explained_Var,Model,Hidden_Dim,Epochs,Seq_Len,Pre_Len
2.0872395038604736,1.491268277168274,0.7499637007713318,0.6484531164169312,0.6488199234008789,TGCN,64,2500,12,1
